name,rating,rating_count,price,product_url,product_img
"VIQUA 602805 Replacement UV Lamp For Models D4, D4+, D4 Premium systems",4.5 out of 5 stars,461,$116.00,https://amazon.com/Viqua-602805-Replacement-Models-IHS12-d4/dp/B004AQYHRC/ref=zg_bs_3349991_sccl_1/145-1333662-5147346?psc=1,"https://images-na.ssl-images-amazon.com/images/I/2106gZGbiiL._AC_UL300_SR300,200_.jpg"
COOBAN ELPLP96 /V13H010L96 Replacement Projector Lamp Bulb with Housing for Epson VS250 VS355 VS350 EX5260 EH-TW650 EB-S41 Powerlite Home Cinema 2150 /Powerlite Home Cinema 1060 2100 660 760 760HD,4.4 out of 5 stars,71,$39.09,https://amazon.com/COOBAN-V13H010L96-Replacement-Projector-Powerlite/dp/B099DFGLZ6/ref=zg_bs_3349991_sccl_2/145-1333662-5147346?psc=1,"https://images-na.ssl-images-amazon.com/images/I/71L8XQ0NLtL._AC_UL300_SR300,200_.jpg"
EWO'S Replacement Projector Lamp for ELPLP96 Epson Powerlite Home Cinema 2100 2150 1060 660 760hd VS250 VS350 VS355 EX9210 EX9220 EX3260 EX5260 EX7260 X39 W39 S39 109W V13H010L96 Lamp Bulb Replacement,4.0 out of 5 stars,292,$89.99,https://amazon.com/EWOS-Replacement-Projector-ELPLP96-Powerlite/dp/B07CHCN77J/ref=zg_bs_3349991_sccl_3/145-1333662-5147346?psc=1,"https://images-na.ssl-images-amazon.com/images/I/61+JFUhGm9L._AC_UL300_SR300,200_.jpg"
"TUVL-115, TUVL-115Р, TUVL-100-E, Fresh-Aire OEM Quality Premium Compatible Replacement Lamp Bulb fоr АРСО Моdеls. Guaranteed for One Year",4.6 out of 5 stars,125,$36.99,https://amazon.com/TUVL-115%D0%A0-Fresh-Aire-Compatible-Replacement-Guaranteed/dp/B08TRMHGX9/ref=zg_bs_3349991_sccl_4/145-1333662-5147346?psc=1,"https://images-na.ssl-images-amazon.com/images/I/21hDP7sw0zL._AC_UL300_SR300,200_.jpg"
EWO'S LP88 Replacement Projector Lamp for Elplp88 Epson Powerlite Home Cinema 2040 1040 2045 740HD 640 EX3240 EX7240 EX9200 EX5250 EX5240 VS240 VS345 VS340 97H 98H 99WH 955WH X27 Lamp Bulb Replacement,4.2 out of 5 stars,538,$89.99,https://amazon.com/EWOS-Replacement-Projector-Elplp88-Powerlite/dp/B07DL6QBVB/ref=zg_bs_3349991_sccl_5/145-1333662-5147346?psc=1,"https://images-na.ssl-images-amazon.com/images/I/71e6JaZjrmL._AC_UL300_SR300,200_.jpg"
915B403001 Mitsubishi WD-73737 TV Lamp,4.1 out of 5 stars,109,$26.99,https://amazon.com/915B403001-Mitsubishi-WD-73737-TV-Lamp/dp/B007MF6N2K/ref=zg_bs_3349991_sccl_6/145-1333662-5147346?psc=1,"https://images-na.ssl-images-amazon.com/images/I/61FSeLnV7FL._AC_UL300_SR300,200_.jpg"
"FHS 82V 300W Projector Lamp Bulbs,Apollo,Bell & Howell,Kodak, Dukane Bulb",4.6 out of 5 stars,123,$9.99,https://amazon.com/Projector-Bulbs-Apollo-Howell-Dukane/dp/B07ZWQ3JX8/ref=zg_bs_3349991_sccl_7/145-1333662-5147346?psc=1,"https://images-na.ssl-images-amazon.com/images/I/412HDMStEKL._AC_UL300_SR300,200_.jpg"
EWO'S ELP54 Replacement Projector Lamp Bulb for Epson ELPLP54/ELPLP58 Powerlite Home Cinema 705HD S7 S9 X9 S8 X7 EX31 EX51 EX71 EX5200 EX7200 EX3200 S10 H310A H311A H331A H368A H369A H376A Projectors,4.4 out of 5 stars,112,$58.98,https://amazon.com/EWOS-Replacement-Projector-Powerlite-Projectors/dp/B07RZ5FCHN/ref=zg_bs_3349991_sccl_8/145-1333662-5147346?psc=1,"https://images-na.ssl-images-amazon.com/images/I/61Tvu0yvVRL._AC_UL300_SR300,200_.jpg"
"COOBAN ELPLP60 /ELPLP61 Replacement Projector Lamp Bulb with Housing for Epson PowerLite 96W /PowerLite 95 /PowerLite 93+ 93 92 905 425W, PowerLite 420 EB-95 425Wi H384A H383A H382A EB-905 435Wi",5.0 out of 5 stars,1,$54.09,https://amazon.com/COOBAN-ELPLP60-Replacement-Projector-PowerLite/dp/B099F14QB5/ref=zg_bs_3349991_sccl_9/145-1333662-5147346?psc=1,"https://images-na.ssl-images-amazon.com/images/I/71JjxVvCB8L._AC_UL300_SR300,200_.jpg"
"Koopala Wall Lamp's 3M Adhesive Sticky Hooks, Paste Wall Hooks of 2pcs, Heavy Duty Holders for Wall Sconce, Hanging Clothes, Keys, Bathroom, Bathroom, Shower, Outdoor, Kitchen, Glass Door - 2 Pack",4.8 out of 5 stars,8,$9.99,https://amazon.com/Koopala-Adhesive-Holders-Hanging-Bathroom/dp/B09YTJFFNG/ref=zg_bs_3349991_sccl_10/145-1333662-5147346?psc=1,"https://images-na.ssl-images-amazon.com/images/I/415Ee-1+ffL._AC_UL300_SR300,200_.jpg"
Super Bright Portable Desk lamp - Black,4.2 out of 5 stars,310,$11.99,https://amazon.com/Super-Bright-Portable-Desk-Black/dp/B07T91RC1V/ref=zg_bs_3349991_sccl_11/145-1333662-5147346?psc=1,"https://images-na.ssl-images-amazon.com/images/I/31vazH4fKQL._AC_UL300_SR300,200_.jpg"
COOBAN ELPLP78 /V13H010L78 Replacement Projector Lamp Bulb with Housing for Epson PowerLite Home Cinema 2000 2030 2040 2045 730HD 740HD EX7230 EX7235 EX5220 EX3220 EX5230 EX6220 EX7220 VS230 VS330,4.3 out of 5 stars,35,$40.09,https://amazon.com/COOBAN-V13H010L78-Replacement-Projector-PowerLite/dp/B099DMXKD4/ref=zg_bs_3349991_sccl_12/145-1333662-5147346?psc=1,"https://images-na.ssl-images-amazon.com/images/I/71Hd4ODZoHL._AC_UL300_SR300,200_.jpg"
"EWO'S 5J.J7L05.001 W1070 Lamp Bulb for Benq W1070 W1080st HT1075 HT1085st Projector Replacement Lamp Bulb, with Housing",4.1 out of 5 stars,392,$109.99,https://amazon.com/EWOS-W1080st-HT1085st-Projector-Replacement/dp/B01N1LFG2R/ref=zg_bs_3349991_sccl_13/145-1333662-5147346?psc=1,"https://images-na.ssl-images-amazon.com/images/I/61bS84fdvsL._AC_UL300_SR300,200_.jpg"
YOSUN v13h010l89 projector lamp bulb for epson elplp89 powerlite home cinema 5040ub 5040ube 5050ub 5050ube 4010 4000 pro cinema 4050 pro cinema 6040ub pro cinema 6050ub replacement projector lamp bulb,4.3 out of 5 stars,181,$189.98,https://amazon.com/YOSUN-V13H010L89-Projector-PowerLite-Replacement/dp/B07GYRKLCB/ref=zg_bs_3349991_sccl_14/145-1333662-5147346?psc=1,"https://images-na.ssl-images-amazon.com/images/I/71fuEWdI00L._AC_UL300_SR300,200_.jpg"
"BIXBI Jerky Dog Treats, Original Chicken, 10 oz - USA Made Grain Free Dog Treats - High in Protein, Whole Food Nutrition, No Fillers",3.9 out of 5 stars,4,$15.50,https://amazon.com/Original-Chicken-Jerky-Treats-10/dp/B00LZCPJS0/ref=zg_bs_3349991_sccl_15/145-1333662-5147346?psc=1,"https://images-na.ssl-images-amazon.com/images/I/41-SmiVIVtL._AC_UL300_SR300,200_.jpg"
Araca ELPLP78 Replacement Projector Lamp with Housing for Epson EX7230 EX5220 EX7235 VS230 EX7220 EX3220 EX5230 VS335W EX6220 VS330 EB-S18 /PowerLite HOME CINEMA 2030 2000 1222 X17 S18+ S17 Economical,4.4 out of 5 stars,59,$39.09,https://amazon.com/Araca-V13H010L49-Replacement-Projector-H291A%C2%A3%C2%A8Economical%C2%A3/dp/B07W5X32JJ/ref=zg_bs_3349991_sccl_16/145-1333662-5147346?psc=1,"https://images-na.ssl-images-amazon.com/images/I/71Iwos5VOTL._AC_UL300_SR300,200_.jpg"
Wadoy EYB 82V 360W Projector Bulb 4 Pack RSE-57 Compatible with Apollo 15000 15002 15009 A1004 A1005 AL1004 AL1005 Overhead Projector Bi-Pin Based Stage & T3.5 Bulb,4.6 out of 5 stars,76,$21.59,https://amazon.com/Projector-RSE-57-Replacement-Apollo-Overhead/dp/B08HQ689MS/ref=zg_bs_3349991_sccl_17/145-1333662-5147346?psc=1,"https://images-na.ssl-images-amazon.com/images/I/819IHrNYgXL._AC_UL300_SR300,200_.jpg"
CTBAIER ELP88 for EPSON ELPLP88 powerLite Home Cinema Epson 1040 2040 2045 740HD 640 VS240 VS345 VS340 EX3240 EX7240 EX9200 EX5250 EX5240 EB-97H V13H010L88 Replacement Projector Lamp Bulb,4.0 out of 5 stars,50,$39.89,https://amazon.com/CTBAIER-powerLite-V13H010L88-Replacement-Projector/dp/B08H545G1M/ref=zg_bs_3349991_sccl_18/145-1333662-5147346?psc=1,"https://images-na.ssl-images-amazon.com/images/I/61uRP311nmL._AC_UL300_SR300,200_.jpg"
Epson ELPLP80 Replacement Projector Lamp,4.0 out of 5 stars,8,$42.50,https://amazon.com/Epson-ELPLP80-Replacement-Projector-Lamp/dp/B00J5909RG/ref=zg_bs_3349991_sccl_19/145-1333662-5147346?psc=1,"https://images-na.ssl-images-amazon.com/images/I/51zZgO4wuGL._AC_UL300_SR300,200_.jpg"
"Luminor RL-820 UV lamp (for Blackcomb LB4-101, LB5-101 & LB6-101)",4.6 out of 5 stars,58,$115.00,https://amazon.com/Luminor-RL-820-Blackcomb-LB4-101-LB5-101/dp/B07KLYSBTB/ref=zg_bs_3349991_sccl_20/145-1333662-5147346?psc=1,"https://images-na.ssl-images-amazon.com/images/I/11Bcb29nVGL._AC_UL300_SR300,200_.jpg"
Araca 5J.JEE05.001 (OEM Original Bulb) Projector Lamp with Housing for Benq HT2050 HT2150ST HT2050A HT3050 W1110 W1210ST W2000 W2000+ Replacement Lamp,4.2 out of 5 stars,253,$107.17,https://amazon.com/Araca-5J-JEE05-001-Original-HT2150ST-Projector/dp/B07W8Z2GLW/ref=zg_bs_3349991_sccl_21/145-1333662-5147346?psc=1,"https://images-na.ssl-images-amazon.com/images/I/614aTbBYCdL._AC_UL300_SR300,200_.jpg"
"EWO'S ELP49 Replacement Lamp Bulb for Epson PowerLite Home Cinema 8350 8345 8500UB 8700UB 8100 6100 6500UB 7100 7500UB V13h010l49/Elplp49 Replacement Projector Lamp, with Housing",4.0 out of 5 stars,367,$89.99,https://amazon.com/EWOS-Replacement-PowerLite-V13h010l49-Projector/dp/B07PQ5M1PT/ref=zg_bs_3349991_sccl_22/145-1333662-5147346?psc=1,"https://images-na.ssl-images-amazon.com/images/I/61YksvvBeIL._AC_UL300_SR300,200_.jpg"
Araca ELPLP88 Replacement Projector Lamp with Housing for Epson EX7240 EX3240 EX9200 VS240 EB-X31 EX5240 TW5350 VS340 VS345 EB-U04 EX5250 H682 H683 /PowerLite 98H 2040 2045 740HD H719A Economical,4.3 out of 5 stars,38,$39.09,https://amazon.com/Araca-5J-J3T05-001-5J-J8G05-001-Projector-MX613ST/dp/B07QVCD5Q4/ref=zg_bs_3349991_sccl_23/145-1333662-5147346?psc=1,"https://images-na.ssl-images-amazon.com/images/I/71Iwos5VOTL._AC_UL300_SR300,200_.jpg"
"EWO'S BL-FP240G/BL-FP240E Projector Lamp Bulb for Optoma HD143X HD243X HD27E UHD60 UHD30 UHD50 UHD50X UHD51 UHD51A UHD52ALV HD39darbee HD144X WU336 EH334 EH335 Lamp Bulb Replacement, with Housing",4.0 out of 5 stars,52,$108.99,https://amazon.com/EWOS-BL-FP240G-SP-7AZ01GC01-Projector-Replacement/dp/B07X57274X/ref=zg_bs_3349991_sccl_24/145-1333662-5147346?psc=1,"https://images-na.ssl-images-amazon.com/images/I/61xMRB0zUFL._AC_UL300_SR300,200_.jpg"
CTBAIER ELP96 for epson ELPLP96 powerLite Home Cinema 2100 2150 1060 660 760hd vs250 vs350 vs355 ex9210 ex9220 ex3260 ex5260 ex7260 x39 w39 s39 109w V13H010L96 Replacement Projector Lamp Bulb,3.7 out of 5 stars,83,$39.89,https://amazon.com/CTBAIER-powerLite-V13H010L96-Replacement-Projector/dp/B08GZ42KKH/ref=zg_bs_3349991_sccl_25/145-1333662-5147346?psc=1,"https://images-na.ssl-images-amazon.com/images/I/714Vf0XxPdL._AC_UL300_SR300,200_.jpg"
Panasonic F612E5Y30AP Lamp,4.5 out of 5 stars,370,$14.34,https://amazon.com/Panasonic-F612E5Y30AP-Lamp/dp/B00ZJISFPK/ref=zg_bs_3349991_sccl_26/145-1333662-5147346?psc=1,"https://images-na.ssl-images-amazon.com/images/I/5165p2mjNVL._AC_UL300_SR300,200_.jpg"
Araca ELPLP97/V13H010L97 Replacement Projector Lamp for EPSON VS260 Powerlite Home Cinema 2200 /Home Cinema 2250 /Home Cinema U50 880 EB-U50 EX3280 EX5280 EX9230 EB-FH52 EB-FH06 EB-W51 EB-W50 EB-X50,4.6 out of 5 stars,15,$88.49,https://amazon.com/Araca-V13H010L97-Replacement-Projector-Powerlite/dp/B0932HFVSJ/ref=zg_bs_3349991_sccl_27/145-1333662-5147346?psc=1,"https://images-na.ssl-images-amazon.com/images/I/71RMtAQ9GrL._AC_UL300_SR300,200_.jpg"
915B441001 Mtsublshi Replacement Lamp with Housing for TV WD 60638 WD-60638 WD 60738 WD-60738 WD-65638 WD-73638 WD-82738 WD-73C10 WD-65738 WD-65738 WD-73738 WD-60C10,4.0 out of 5 stars,138,$31.99,https://amazon.com/HAOHAIO-915B441001-Mitsubishi-Replacement-WD-60638/dp/B07W3LG89F/ref=zg_bs_3349991_sccl_28/145-1333662-5147346?psc=1,"https://images-na.ssl-images-amazon.com/images/I/71MinLmwQ+L._AC_UL300_SR300,200_.jpg"
Enx 360W 82v Projector Bulb with GY5.3 Base - Overhead Projector Lamp 02600 Dichroic Bulb - MR16 Reflector Projector Bulb - 2 Pack,4.5 out of 5 stars,158,$18.74,https://amazon.com/360W-Projector-Bulb-GY5-3-Base/dp/B07HPDYMHT/ref=zg_bs_3349991_sccl_29/145-1333662-5147346?psc=1,"https://images-na.ssl-images-amazon.com/images/I/41M+hiFNgcL._AC_UL300_SR300,200_.jpg"
"Incase Neoprene Classic Sleeve for MacBook 11"" - Midnight Blue",4.5 out of 5 stars,10,$13.39,https://amazon.com/Incase-Neoprene-Classic-Sleeve-MacBook/dp/B01E7L1XG2/ref=zg_bs_3349991_sccl_30/145-1333662-5147346?psc=1,"https://images-na.ssl-images-amazon.com/images/I/6163OOuaFPL._AC_UL300_SR300,200_.jpg"
